image,algae_index
images/10-1-2024-1309.jpeg,35.381048365457474
images/9-1-2024-1156.jpeg,0.04603209625935896
images/11-1-2024-1152.jpeg,0.8346815289028469
